,Insurance,M,F
0,Medicare,0.16368068991245954,0.14330706731535153
1,Other,0.1447115843505743,0.2210349962769918
2,Medicaid,0.23693996812466797,0.3377392666568757
