,"race","Medicare","Other","Medicaid"
0,"WHITE",0.139963457887006,0.181654609763011,0.178895247894026
1,"BLACK/AFRICAN AMERICAN",0.258353447523774,0.17649792258911,0.391602209944751
2,"HISPANIC/LATINO",0.273889227023737,0.122483566146261,0.367565011820331
3,"OTHER",0.160603159406415,0.183398310591293,0.325853658536585
4,"ASIAN",0.109869646182495,0.240359218172213,0.359030837004405
5,"AMERICAN INDIAN/ALASKA NATIVE",0.095833333333333,0.450381679389313,
