,diseases,White,Black,Hisp,Other,Asian,American
0,No Finding,0.15686423891513027,0.23600054985566288,0.21516215162151622,0.187868650409367,0.2171350861287398,0.1718494271685761
