,diseases,Medicare,Other,Medicaid
0,No Finding,0.15523564730623482,0.17245758990399881,0.29204131877542283
