,diseases,White,Black,Hisp,Other,Asian,American
0,No Finding,0.17110230754905445,0.25194636407942916,0.24255242552425524,0.21287085130733338,0.2314143245693563,0.20294599018003273
