,diseases,Medicare,Other,Medicaid
0,No Finding,0.17143481220347248,0.18387504306879524,0.3231106829372725
