,Insurance,M,F
0,Medicare,0.17922801294453458,0.1604269555520153
1,Other,0.1590077525956878,0.22740134028294862
2,Medicaid,0.25517974145564015,0.37944876878641015
