,"race","Medicare","Other","Medicaid"
0,"WHITE",0.154494321642246,0.193128181112357,0.204938589158253
1,"BLACK/AFRICAN AMERICAN",0.286096489952598,0.178657336540564,0.418453038674033
2,"HISPANIC/LATINO",0.272367620206939,0.146209942481512,0.410685579196217
3,"OTHER",0.172331258975586,0.211500974658869,0.386341463414634
4,"ASIAN",0.142768466790813,0.245113576333862,0.360132158590308
5,"AMERICAN INDIAN/ALASKA NATIVE",0.154166666666667,0.381679389312977,
