,diseases,Medicare,Other,Medicaid
0,No Finding,0.15690686877101725,0.17445057729075322,0.3062245771783344
