,diseases,White,Black,Hisp,Other,Asian,American
0,No Finding,0.15448135168537425,0.25018432661426376,0.23865238652386525,0.18161810018487543,0.19764279238440616,0.15384615384615385
