,"race","Medicare","Other","Medicaid"
0,"WHITE",0.13938308315122,0.178339474754446,0.165391293164427
1,"BLACK/AFRICAN AMERICAN",0.273824410387646,0.185654931117428,0.42121546961326
2,"HISPANIC/LATINO",0.253804017041996,0.133268282662284,0.427990543735225
3,"OTHER",0.154380086165629,0.193794671864847,0.219512195121951
4,"ASIAN",0.110490378646803,0.216587427363972,0.312775330396476
5,"AMERICAN INDIAN/ALASKA NATIVE",0.091666666666667,0.381679389312977,
