,Insurance,M,F
0,Medicare,0.16407978414207755,0.1467751620690923
1,Other,0.1470766032813312,0.2223752792256143
2,Medicaid,0.23050587332506936,0.36902139325402655
