,diseases,Medicare,Other,Medicaid
0,No Finding,0.16216943848990664,0.1784635756220485,0.29011453650181973
