,"race","Medicare","Other","Medicaid"
0,"WHITE",0.145186830509082,0.18605424990449,0.173750884187512
1,"BLACK/AFRICAN AMERICAN",0.277895716404455,0.182320139951892,0.395690607734807
2,"HISPANIC/LATINO",0.271758977480219,0.138557929334429,0.367659574468085
3,"OTHER",0.159645763523217,0.198667966211826,0.290731707317073
4,"ASIAN",0.111111111111111,0.219756999471738,0.374449339207048
5,"AMERICAN INDIAN/ALASKA NATIVE",0.0625,0.381679389312977,
