,diseases,White,Black,Hisp,Other,Asian,American
0,No Finding,0.16112211556368192,0.247522525337099,0.22437224372243722,0.19262259001672682,0.21192203082502267,0.1309328968903437
