,Insurance,M,F
0,Medicare,0.1649126764473673,0.15829462874229483
1,Other,0.15231570351359092,0.2242367833209233
2,Medicaid,0.23747122365857978,0.33377392666568756
