,diseases,Medicare,Other,Medicaid
0,No Finding,0.16996677875872437,0.18724623190266115,0.32549239991436524
