,Insurance,M,F
0,Medicare,0.18126686390019173,0.15400546561929387
1,Other,0.16299540783319724,0.2296909903201787
2,Medicaid,0.24969010093855146,0.38835854506290696
