,"race","Medicare","Other","Medicaid"
0,"WHITE",0.153469709454376,0.199536620534119,0.186804707092791
1,"BLACK/AFRICAN AMERICAN",0.284962340419344,0.185654931117428,0.440994475138122
2,"HISPANIC/LATINO",0.289409616555082,0.13917419884963,0.429314420803783
3,"OTHER",0.173288654858784,0.193307342430149,0.358048780487805
4,"ASIAN",0.094351334574798,0.229265715795034,0.359030837004405
5,"AMERICAN INDIAN/ALASKA NATIVE",0.091666666666667,0.450381679389313,
