,diseases,White,Black,Hisp,Other,Asian,American
0,No Finding,0.17150439331606482,0.2572074830357031,0.24603246032460324,0.20080993045162426,0.20670897552130554,0.1685761047463175
